term,OR,CI_low,CI_high,p_value
Intercept,2.4154594755360272,1.406056311228857,4.149509825006671,0.001401400459118795
rat_pressure,0.008111068824486152,0.00020109305203866288,0.32715917734891325,0.010702351759039528
season,0.46117418396289245,0.28566816294125186,0.744505883203996,0.0015385093826188311
rat_pressure:season,152.47916909681183,3.6291026945050717,6406.5139417678865,0.008393513871598535
hours_after_sunset_x,0.9506627148150562,0.89983425372391,1.0043622962777623,0.07112103224740646
time_since_rat_min,1.0097109262597297,0.9708679010894213,1.050108004873033,0.629210382368815
