season,n,mean,ci_low,ci_high,successes
0,151,0.5629139072847682,0.4832090849531051,0.6394970697467285,85.0
1,756,0.48148148148148145,0.44604798111794897,0.5171022265010756,364.0
