rat_present,n,mean,ci_low,ci_high,successes
1,907,0.49503858875413453,0.4625900278088312,0.5275289990395375,449.0
