term,odds_ratio,ci_lower,ci_upper,p_value
Intercept,1.3864050561737449,0.5464243881814332,3.517630291322044,0.4916087928895537
C(season)[T.1],0.694253429872064,0.4782247658411126,1.007868808386353,0.055015793432876894
rat_pressure,1.0086448857463672,0.6021234447329816,1.6896277905163848,0.9739124346545633
time_since_rat_min,1.0177779559098472,0.9845128057152857,1.0521670835794024,0.29863792324928295
food_availability,1.0452546139084973,0.8295257593966675,1.3170865347106795,0.7074565385905152
hours_after_sunset,0.9584119114633283,0.8884733674156253,1.0338558540101899,0.27188261924771095
