ts_bin,risk_rate
"(-0.001, 1.492]",0.4933920704845815
"(1.492, 3.433]",0.4845814977973568
"(3.433, 7.442]",0.4823008849557522
"(7.442, 15.817]",0.5198237885462555
