rp_bin,risk_rate
"(-0.001, 0.0397]",0.5066079295154186
"(0.0397, 0.18]",0.5427350427350427
"(0.18, 0.382]",0.42857142857142855
"(0.382, 1.623]",0.5
